Año,Mes,id_Rubro,Rubro,indice,variación mensual
2019,1,1,Asfalto,100,0
2019,1,2,Cales,100.995049383621,0.995049383620783
2019,1,4,Cemento portland,102,2
2019,1,8,Hierro redondo y acero para construcción,100,0
2019,1,9,Hormigón elaborado,102,2
2019,1,10,Ladrillos cerámicos,100,0
2019,1,11,Ladrillos comunes,98,-2
2019,1,12,Mosaicos graníticos y calcáreos,100,0
2019,1,13,Pinturas para construcción,100,0
2019,1,14,Pisos y revestimientos cerámicos,104,4
2019,1,17,Yeso,100,0
2019,1,15,Sanitarios de cerámica,103.997603803272,3.99760380327248
2019,1,16,Tubos estructurales,100,0
2019,1,3,Caños de PVC,101.327304638499,1.32730463849913
2019,1,5,Chapas galvanizadas,100.995049383621,0.995049383620783
2019,1,7,Hierro fundido,99.6371839145945,-0.362816085405537
2019,1,6,Conductores de cobre,100,0
2019,2,1,Asfalto,100,0
2019,2,2,Cales,106.044801852802,5
2019,2,4,Cemento portland,107.1,5.00000000000003
2019,2,8,Hierro redondo y acero para construcción,105,5
2019,2,9,Hormigón elaborado,106.08,4
2019,2,10,Ladrillos cerámicos,102.3127654684,2.31276546839951
2019,2,11,Ladrillos comunes,101.92,3.99999999999998
2019,2,12,Mosaicos graníticos y calcáreos,103,3
2019,2,13,Pinturas para construcción,99.498743710662,-0.501256289338004
2019,2,14,Pisos y revestimientos cerámicos,105.04,1
2019,2,17,Yeso,103,3
2019,2,15,Sanitarios de cerámica,105.205492218107,1.16145792851079
2019,2,16,Tubos estructurales,103.329013578235,3.32901357823516
2019,2,3,Caños de PVC,102.324179090192,0.983816213457622
2019,2,5,Chapas galvanizadas,102,0.995049383620783
2019,2,7,Hierro fundido,102.008109204509,2.37955871168198
2019,2,6,Conductores de cobre,100.665560465211,0.665560465211246
2019,2,1,Asfalto,100,0
2019,3,2,Cales,109.226145908386,3
2019,3,4,Cemento portland,111.384,4.00000000000003
2019,3,8,Hierro redondo y acero para construcción,112.35,7.00000000000003
2019,3,9,Hormigón elaborado,113.5056,7.00000000000001
2019,3,10,Ladrillos cerámicos,102.993718786221,0.665560465211246
2019,3,11,Ladrillos comunes,103.9584,2.00000000000002
2019,3,12,Mosaicos graníticos y calcáreos,107.364354237766,4.23723712404436
2019,3,13,Pinturas para construcción,99.498743710662,0
2019,3,14,Pisos y revestimientos cerámicos,105.04,0
2019,3,17,Yeso,104.03,1
2019,3,15,Sanitarios de cerámica,109.058535667416,3.66239762589673
2019,3,16,Tubos estructurales,106.768850470511,3.32901357823518
2019,3,3,Caños de PVC,106.73875004643,4.31429892278592
2019,3,5,Chapas galvanizadas,107.05627678936,4.95713410721541
2019,3,7,Hierro fundido,103.367631215687,1.3327587598482
2019,3,6,Conductores de cobre,104.352333561785,3.66239762589675
2019,4,1,Asfalto,108.566645896074,6.97389483349686
2019,4,2,Cales,110.313,0.995049383620783
2019,4,4,Cemento portland,118.06704,5.99999999999998
2019,4,8,Hierro redondo y acero para construcción,117.9675,5
2019,4,9,Hormigón elaborado,113.5056,0
2019,4,10,Ladrillos cerámicos,105.739100878753,2.66558206159151
2019,4,11,Ladrillos comunes,112.275072,7.99999999999999
2019,4,12,Mosaicos graníticos y calcáreos,108.16858452421,0.749066384419161
2019,4,13,Pinturas para construcción,104.969995713061,5.49881515922348
2019,4,14,Pisos y revestimientos cerámicos,108.1912,2.99999999999998
2019,4,17,Yeso,109.2315,5
2019,4,15,Sanitarios de cerámica,109.780798674192,0.662270956011279
2019,4,16,Tubos estructurales,108.187731555859,1.32892794021433
2019,4,3,Caños de PVC,112.778489063045,5.6584314637262
2019,4,5,Chapas galvanizadas,109.176408880307,1.9803902718557
2019,4,7,Hierro fundido,107.537485123455,4.0340035451395
2019,4,6,Conductores de cobre,114.090826348676,9.33231912933217
2019,5,1,Asfalto,112.898871183307,3.99038328160233
2019,5,2,Cales,110.313,0
2019,5,4,Cemento portland,118.06704,0
2019,5,8,Hierro redondo y acero para construcción,120.32685,2
2019,5,9,Hormigón elaborado,117.478296,3.49999999999999
2019,5,10,Ladrillos cerámicos,105.739100878753,0
2019,5,11,Ladrillos comunes,112.275072,0
2019,5,12,Mosaicos graníticos y calcáreos,113.285160066698,4.73018627820103
2019,5,13,Pinturas para construcción,107.592965476373,2.4987804805501
2019,5,14,Pisos y revestimientos cerámicos,108.1912,0
2019,5,17,Yeso,112.508445,3
2019,5,15,Sanitarios de cerámica,116.732437841572,6.33229057479425
2019,5,16,Tubos estructurales,112.153452980125,3.66559254661707
2019,5,3,Caños de PVC,117.086572318418,3.81995120803942
2019,5,5,Chapas galvanizadas,114.505183645108,4.88088481701516
2019,5,7,Hierro fundido,110.358922503716,2.62367803842685
2019,5,6,Conductores de cobre,118.269286064236,3.66239762589673
2019,6,1,Asfalto,114.284392597243,1.22722344290394
2019,6,2,Cales,111.410668826554,0.995049383620761
2019,6,4,Cemento portland,121.6090512,2.99999999999998
2019,6,8,Hierro redondo y acero para construcción,123.9366555,3
2019,6,9,Hormigón elaborado,122.17742784,3.99999999999998
2019,6,10,Ladrillos cerámicos,111.723176223733,5.65928336372108
2019,6,11,Ladrillos comunes,115.64332416,3.00000000000002
2019,6,12,Mosaicos graníticos y calcáreos,115.258238629706,1.74169199376681
2019,6,13,Pinturas para construcción,110.815531358091,2.99514551666986
2019,6,14,Pisos y revestimientos cerámicos,112.518848,4
2019,6,17,Yeso,114.7586139,2
2019,6,15,Sanitarios de cerámica,116.732437841572,0
2019,6,16,Tubos estructurales,115.887056658293,3.32901357823518
2019,6,3,Caños de PVC,119.817323788154,2.33224990335361
2019,6,5,Chapas galvanizadas,115.599207062881,0.955435712991704
2019,6,7,Hierro fundido,110.876068037284,0.468603282666846
2019,6,6,Conductores de cobre,118.269286064236,0
2019,7,1,Asfalto,115.985990805184,1.4889156509222
2019,7,2,Cales,111.410668826554,0
2019,7,4,Cemento portland,124.041232224,2.00000000000002
2019,7,8,Hierro redondo y acero para construcción,123.9366555,0
2019,7,9,Hormigón elaborado,122.17742784,0
2019,7,10,Ladrillos cerámicos,113.57665469637,1.65899192565573
2019,7,11,Ladrillos comunes,115.64332416,0
2019,7,12,Mosaicos graníticos y calcáreos,127.209373234423,10.3690068031607
2019,7,13,Pinturas para construcción,110.815531358091,0
2019,7,14,Pisos y revestimientos cerámicos,123.7707328,10
2019,7,17,Yeso,118.201372317,3
2019,7,15,Sanitarios de cerámica,129.403821124571,10.8550660958493
2019,7,16,Tubos estructurales,118.957133961534,2.64919775492569
2019,7,3,Caños de PVC,119.817323788154,-3.66373598126302E-13
2019,7,5,Chapas galvanizadas,116.74947626023,0.995049383620783
2019,7,7,Hierro fundido,109.878049639052,-0.90012066255466
2019,7,6,Conductores de cobre,118.269286064236,0
2019,8,1,Asfalto,133.565605361495,15.1566705895006
2019,8,2,Cales,113.617034873804,1.9803902718557
2019,8,4,Cemento portland,136.4453554464,10
2019,8,8,Hierro redondo y acero para construcción,167.314484925,35
2019,8,9,Hormigón elaborado,139.2822677376,14
2019,8,10,Ladrillos cerámicos,127.745548348313,12.4751813564333
2019,8,11,Ladrillos comunes,129.5205230592,12
2019,8,12,Mosaicos graníticos y calcáreos,142.7745353807,12.2358610458629
2019,8,13,Pinturas para construcción,124.66624148809,12.4988888834019
2019,8,14,Pisos y revestimientos cerámicos,136.14780608,10
2019,8,17,Yeso,135.93157816455,15
2019,8,15,Sanitarios de cerámica,130.685130406013,0.990163404996114
2019,8,16,Tubos estructurales,137.084741521993,15.238772956921
2019,8,3,Caños de PVC,143.082640577312,19.4173230160717
2019,8,5,Chapas galvanizadas,129.586659556726,10.9954954040929
2019,8,7,Hierro fundido,118.328984069065,7.69119442670654
2019,8,6,Conductores de cobre,145.838570657031,23.3106037165235
2019,9,1,Asfalto,140.176448461383,4.94951007933253
2019,9,2,Cales,126.10979072162,10.9954954040929
2019,9,4,Cemento portland,141.903169664256,4
2019,9,8,Hierro redondo y acero para construcción,172.33391947275,3
2019,9,9,Hormigón elaborado,144.853558447104,4
2019,9,10,Ladrillos cerámicos,131.577914798762,3
2019,9,11,Ladrillos comunes,134.701343981568,4
2019,9,12,Mosaicos graníticos y calcáreos,150.268930751578,5.24911207092658
2019,9,13,Pinturas para construcción,136.483061633215,9.47876506428085
2019,9,14,Pisos y revestimientos cerámicos,147.0396305664,7.99999999999999
2019,9,17,Yeso,135.93157816455,0
2019,9,15,Sanitarios de cerámica,150.287899966915,15
2019,9,16,Tubos estructurales,146.680673428532,7.00000000000003
2019,9,3,Caños de PVC,141.286359680529,-1.2554149752445
2019,9,5,Chapas galvanizadas,130.232981070164,0.498756211208895
2019,9,7,Hierro fundido,129.5605212167,9.49178870755774
2019,9,6,Conductores de cobre,152.156692218009,4.33227062807393
2019,10,1,Asfalto,150.308465746958,7.22804536481463
2019,10,2,Cales,129.8869624645,2.99514551666986
2019,10,4,Cemento portland,148.998328147469,5
2019,10,8,Hierro redondo y acero para construcción,174.918928264841,1.49999999999999
2019,10,9,Hormigón elaborado,144.853558447104,0
2019,10,10,Ladrillos cerámicos,131.577914798762,0
2019,10,11,Ladrillos comunes,134.701343981568,0
2019,10,12,Mosaicos graníticos y calcáreos,148.446928612821,-1.21249424591221
2019,10,13,Pinturas para construcción,136.483061633215,0
2019,10,14,Pisos y revestimientos cerámicos,169.09557515136,15
2019,10,17,Yeso,140.009525509486,3.00000000000002
2019,10,15,Sanitarios de cerámica,151.283213078795,0.662270956011302
2019,10,16,Tubos estructurales,151.081093631388,3
2019,10,3,Caños de PVC,145.50876575762,2.98854474461547
2019,10,5,Chapas galvanizadas,136.091907398627,4.49880382090504
2019,10,7,Hierro fundido,131.449407347845,1.45791797795052
2019,10,6,Conductores de cobre,152.156692218009,0
2019,11,1,Asfalto,151.242901418032,0.62167867021361
2019,11,2,Cales,132.354751018748,1.89995093227475
2019,11,4,Cemento portland,156.448244554842,5.00000000000003
2019,11,8,Hierro redondo y acero para construcción,180.166496112787,3.00000000000002
2019,11,9,Hormigón elaborado,153.54477195393,6.00000000000001
2019,11,10,Ladrillos cerámicos,137.644714657298,4.6108040759077
2019,11,11,Ladrillos comunes,134.701343981568,0
2019,11,12,Mosaicos graníticos y calcáreos,153.611898180798,3.4793374414964
2019,11,13,Pinturas para construcción,141.218754124011,3.46980235798269
2019,11,14,Pisos y revestimientos cerámicos,186.005132666496,10
2019,11,17,Yeso,148.410097040056,6.00000000000001
2019,11,15,Sanitarios de cerámica,171.452827882606,13.3323548550662
2019,11,16,Tubos estructurales,157.124337376643,4
2019,11,3,Caños de PVC,150.233252451284,3.2468742821542
2019,11,5,Chapas galvanizadas,138.473097804783,1.74969287422933
2019,11,7,Hierro fundido,133.468673789899,1.5361548467929
2019,11,6,Conductores de cobre,168.385208628755,10.6656606253603
2019,12,1,Asfalto,154.450908265842,2.12109581192363
2019,12,2,Cales,134.338442289522,1.49876846543511
2019,12,4,Cemento portland,161.141691891488,3
2019,12,8,Hierro redondo y acero para construcción,183.409493042817,1.8
2019,12,9,Hormigón elaborado,153.54477195393,0
2019,12,10,Ladrillos cerámicos,137.644714657298,0
2019,12,11,Ladrillos comunes,134.701343981568,0
2019,12,12,Mosaicos graníticos y calcáreos,155.865975544379,1.46738461686593
2019,12,13,Pinturas para construcción,141.218754124011,0
2019,12,14,Pisos y revestimientos cerámicos,195.305389299821,5
2019,12,17,Yeso,155.830601892058,5.00000000000003
2019,12,15,Sanitarios de cerámica,182.838821650684,6.64089003878903
2019,12,16,Tubos estructurales,157.124337376643,0
2019,12,3,Caños de PVC,149.472520724238,-0.506367075619896
2019,12,5,Chapas galvanizadas,141.235771700812,1.99509792141976
2019,12,7,Hierro fundido,133.466555609362,-0.001587024488059
2019,12,6,Conductores de cobre,168.385208628755,0
2020,1,1,Asfalto,154.450908265842,0
2020,1,2,Cales,134.338442289522,0
2020,1,4,Cemento portland,167.587359567147,4
2020,1,8,Hierro redondo y acero para construcción,183.409493042817,0
2020,1,9,Hormigón elaborado,153.54477195393,0
2020,1,10,Ladrillos cerámicos,137.644714657298,0
2020,1,11,Ladrillos comunes,134.701343981568,0
2020,1,12,Mosaicos graníticos y calcáreos,155.865975544379,0
2020,1,13,Pinturas para construcción,143.689648601995,1.74969287422937
2020,1,14,Pisos y revestimientos cerámicos,201.164550978815,3.00000000000002
2020,1,17,Yeso,155.830601892058,0
2020,1,15,Sanitarios de cerámica,191.976423149865,4.99762655254838
2020,1,16,Tubos estructurales,159.481202437293,1.49999999999999
2020,1,3,Caños de PVC,149.472520724238,0
2020,1,5,Chapas galvanizadas,141.235771700812,0
2020,1,7,Hierro fundido,133.448644668013,-0.013419797392289
2020,1,6,Conductores de cobre,168.385208628755,0
2020,2,1,Asfalto,155.604034415925,0.746597195853282
2020,2,2,Cales,137.025211135312,2
2020,2,4,Cemento portland,167.587359567147,0
2020,2,8,Hierro redondo y acero para construcción,183.409493042817,0
2020,2,9,Hormigón elaborado,153.54477195393,0
2020,2,10,Ladrillos cerámicos,137.640126347195,-0.003333444450626
2020,2,11,Ladrillos comunes,134.701343981568,0
2020,2,12,Mosaicos graníticos y calcáreos,159.449442844248,2.29906962526807
2020,2,13,Pinturas para construcción,145.970579224227,1.58740079360236
2020,2,14,Pisos y revestimientos cerámicos,211.222778527756,5
2020,2,17,Yeso,162.063825967741,4
2020,2,15,Sanitarios de cerámica,194.190514488999,1.15331419494411
2020,2,16,Tubos estructurales,161.076014461666,0.999999999999979
2020,2,3,Caños de PVC,150.914995429517,0.965043406166011
2020,2,5,Chapas galvanizadas,144.549827254951,2.34647038369227
2020,2,7,Hierro fundido,133.881376392372,0.324268354643342
2020,2,6,Conductores de cobre,168.385208628755,0
2020,3,1,Asfalto,159.104640529771,2.24968852959768
2020,3,2,Cales,139.765715358019,2
2020,3,4,Cemento portland,172.614980354162,3
2020,3,8,Hierro redondo y acero para construcción,187.077682903673,1.99999999999998
2020,3,9,Hormigón elaborado,156.385331390603,1.84998772704883
2020,3,10,Ladrillos cerámicos,139.896922970826,1.63963568148535
2020,3,11,Ladrillos comunes,134.701343981568,0
2020,3,12,Mosaicos graníticos y calcáreos,162.574818886819,1.96010471207746
2020,3,13,Pinturas para construcción,145.970579224227,0
2020,3,14,Pisos y revestimientos cerámicos,217.559461883589,2.99999999999998
2020,3,17,Yeso,162.063825967741,0
2020,3,15,Sanitarios de cerámica,205.192597367378,5.66561292003909
2020,3,16,Tubos estructurales,163.492154678591,1.49999999999999
2020,3,3,Caños de PVC,152.796622566842,1.24681257284567
2020,3,5,Chapas galvanizadas,150.187200955882,3.89995187679346
2020,3,7,Hierro fundido,134.995965374277,0.832519811149091
2020,3,6,Conductores de cobre,169.500374959723,0.662270956011302
2020,4,1,Asfalto,160.692723429731,0.998137385982023
2020,4,2,Cales,139.765715358019,0
2020,4,4,Cemento portland,175.204205059474,1.49999999999999
2020,4,8,Hierro redondo y acero para construcción,196.431567048857,5
2020,4,9,Hormigón elaborado,156.385331390603,0
2020,4,10,Ladrillos cerámicos,143.159668821607,2.33224990335323
2020,4,11,Ladrillos comunes,134.701343981568,0
2020,4,12,Mosaicos graníticos y calcáreos,162.574818886819,0
2020,4,13,Pinturas para construcción,145.970579224227,0
2020,4,14,Pisos y revestimientos cerámicos,219.735056502425,1
2020,4,17,Yeso,162.063825967741,0
2020,4,15,Sanitarios de cerámica,206.213472864902,0.497520627265247
2020,4,16,Tubos estructurales,169.043104918332,3.39523951510314
2020,4,3,Caños de PVC,156.729871446179,2.57417265726325
2020,4,5,Chapas galvanizadas,156.566105131103,4.24730212336433
2020,4,7,Hierro fundido,137.453109160839,1.82016090610513
2020,4,6,Conductores de cobre,171.758525458202,1.33223923487833
2020,5,1,Asfalto,165.08283321418,2.73199040426311
2020,5,2,Cales,139.765715358019,0
2020,5,4,Cemento portland,175.204205059474,0
2020,5,8,Hierro redondo y acero para construcción,200.360198389834,2
2020,5,9,Hormigón elaborado,154.508707413916,-1.19999999999999
2020,5,10,Ladrillos cerámicos,147.375835911242,2.94508022010687
2020,5,11,Ladrillos comunes,137.395370861199,1.99999999999998
2020,5,12,Mosaicos graníticos y calcáreos,167.787900001435,3.2065735335342
2020,5,13,Pinturas para construcción,155.456953594652,6.49882628461218
2020,5,14,Pisos y revestimientos cerámicos,219.735056502425,0
2020,5,17,Yeso,165.305102487096,2
2020,5,15,Sanitarios de cerámica,206.898572491958,0.332228354208919
2020,5,16,Tubos estructurales,173.549087599393,2.66558206159151
2020,5,3,Caños de PVC,163.103447496941,4.06659942482628
2020,5,5,Chapas galvanizadas,161.255487809562,2.99514551666986
2020,5,7,Hierro fundido,138.905614212956,1.05672768043181
2020,5,6,Conductores de cobre,174.041072492716,1.32892794021435
2020,6,1,Asfalto,166.910404501328,1.10706319461882
2020,6,2,Cales,146.053506149992,4.49880771966662
2020,6,4,Cemento portland,179.584210987425,2.49994338119013
2020,6,8,Hierro redondo y acero para construcción,208.374603669934,3.9999986746404
2020,6,9,Hormigón elaborado,156.053690634255,0.999932784500079
2020,6,10,Ladrillos cerámicos,155.473811952389,5.49477870037214
2020,6,11,Ladrillos comunes,145.639025093054,5.99995049337019
2020,6,12,Mosaicos graníticos y calcáreos,173.658784221465,3.49899141712848
2020,6,13,Pinturas para construcción,156.232312309517,0.498761037661244
2020,6,14,Pisos y revestimientos cerámicos,226.322777507219,2.99802913092346
2020,6,17,Yeso,172.742850800505,4.49940637131252
2020,6,15,Sanitarios de cerámica,217.924271940398,5.32903601781434
2020,6,16,Tubos estructurales,180.721522868496,4.13279917994152
2020,6,3,Caños de PVC,166.897308485671,2.3260458604359
2020,6,5,Chapas galvanizadas,168.676516536808,4.60203173736968
2020,6,7,Hierro fundido,142.091720337323,2.29372019440692
2020,6,6,Conductores de cobre,175.480039103233,0.826797140414737
2020,7,1,Asfalto,171.056697672603,2.48414302491373
2020,7,2,Cales,150.799803048656,3.24969733611813
2020,7,4,Cemento portland,187.665500481859,4.49999999999999
2020,7,8,Hierro redondo y acero para construcción,219.83520687178,5.49999999999999
2020,7,9,Hormigón elaborado,160.344692510147,2.74969586329683
2020,7,10,Ladrillos cerámicos,164.415462658438,5.75122626361493
2020,7,11,Ladrillos comunes,163.11570810422,12
2020,7,12,Mosaicos graníticos y calcáreos,178.289296346525,2.66644278653612
2020,7,13,Pinturas para construcción,159.356958555707,2
2020,7,14,Pisos y revestimientos cerámicos,230.849233057363,2
2020,7,17,Yeso,172.742850800505,0
2020,7,15,Sanitarios de cerámica,246.394146762771,13.064113771668
2020,7,16,Tubos estructurales,189.432755330661,4.82025180172039
2020,7,3,Caños de PVC,172.515760962153,3.36641287235828
2020,7,5,Chapas galvanizadas,173.736812032912,3
2020,7,7,Hierro fundido,145.938745367682,2.70742378319138
2020,7,6,Conductores de cobre,181.291875869855,3.31196459513143
2020,8,1,Asfalto,174.428157280433,1.97096030363138
2020,8,2,Cales,161.031313903927,6.78483038334614
2020,8,4,Cemento portland,201.740413017999,7.5
2020,8,8,Hierro redondo y acero para construcción,233.025319284087,6.00000000000001
2020,8,9,Hormigón elaborado,166.758480210553,4.00000000000003
2020,8,10,Ladrillos cerámicos,173.59404107956,5.58255183102221
2020,8,11,Ladrillos comunes,171.271493509431,5.00000000000003
2020,8,12,Mosaicos graníticos y calcáreos,183.844381347357,3.11577033207635
2020,8,13,Pinturas para construcción,164.137667312378,2.99999999999998
2020,8,14,Pisos y revestimientos cerámicos,242.391694710231,5
2020,8,17,Yeso,184.83485035654,7.00000000000001
2020,8,15,Sanitarios de cerámica,251.298029001429,1.99025922615741
2020,8,16,Tubos estructurales,198.24049660069,4.64953447710494
2020,8,3,Caños de PVC,178.241916289534,3.31920706574613
2020,8,5,Chapas galvanizadas,181.107606231285,4.24250572583145
2020,8,7,Hierro fundido,149.44701263588,2.40393136131147
2020,8,6,Conductores de cobre,183.086961680949,0.990163404996092
2020,9,1,Asfalto,185.320212298795,6.24443621269808
2020,9,2,Cales,169.870863715133,5.48933595392473
2020,9,4,Cemento portland,212.836135733989,5.49999999999999
2020,9,8,Hierro redondo y acero para construcción,253.997598019655,9.00000000000001
2020,9,9,Hormigón elaborado,169.259857413711,1.49999999999999
2020,9,10,Ladrillos cerámicos,180.818344092428,4.16160771875607
2020,9,11,Ladrillos comunes,178.122353249808,4
2020,9,12,Mosaicos graníticos y calcáreos,191.014189720456,3.89993336785865
2020,9,13,Pinturas para construcción,166.176722727697,1.24228365658292
2020,9,14,Pisos y revestimientos cerámicos,252.08736249864,4
2020,9,17,Yeso,184.83485035654,0
2020,9,15,Sanitarios de cerámica,258.828836993635,2.99676365235761
2020,9,16,Tubos estructurales,206.170116464718,4
2020,9,3,Caños de PVC,190.244437744376,6.73383775528171
2020,9,5,Chapas galvanizadas,187.444185146688,3.49879226348488
2020,9,7,Hierro fundido,154.905941973621,3.65275239796268
2020,9,6,Conductores de cobre,191.623278198983,4.66243824227603
2020,10,1,Asfalto,193.876366221369,4.61695668078501
2020,10,2,Cales,177.914896050676,4.73538084143295
2020,10,4,Cemento portland,228.798845914038,7.49999999999997
2020,10,8,Hierro redondo y acero para construcción,273.047417871129,7.50000000000002
2020,10,9,Hormigón elaborado,184.493244580945,9.00000000000001
2020,10,10,Ladrillos cerámicos,199.782449637799,10.4879323171312
2020,10,11,Ladrillos comunes,213.74682389977,20
2020,10,12,Mosaicos graníticos y calcáreos,210.090731888143,9.98697646264135
2020,10,13,Pinturas para construcción,166.176722727697,0
2020,10,14,Pisos y revestimientos cerámicos,287.37959324845,14
2020,10,17,Yeso,192.228244370802,4
2020,10,15,Sanitarios de cerámica,268.318534885735,3.66639900033014
2020,10,16,Tubos estructurales,228.848829275837,11
2020,10,3,Caños de PVC,214.668391763045,12.8381961166646
2020,10,5,Chapas galvanizadas,208.233954810991,11.0911787677132
2020,10,7,Hierro fundido,162.904081327575,5.16322308366768
2020,10,6,Conductores de cobre,205.088233147642,7.02678457190198
2020,11,1,Asfalto,198.887447312495,2.58467867372991
2020,11,2,Cales,186.81064085321,5
2020,11,4,Cemento portland,242.52677666888,6.00000000000001
2020,11,8,Hierro redondo y acero para construcción,286.699788764686,5
2020,11,9,Hormigón elaborado,204.325747793601,10.7497178325977
2020,11,10,Ladrillos cerámicos,236.744852614434,18.5013263395494
2020,11,11,Ladrillos comunes,309.505401006867,44.8
2020,11,12,Mosaicos graníticos y calcáreos,210.090731888143,0
2020,11,13,Pinturas para construcción,178.224050926887,7.24970862431285
2020,11,14,Pisos y revestimientos cerámicos,316.117552573295,10
2020,11,17,Yeso,197.995091701926,3
2020,11,15,Sanitarios de cerámica,285.752960671978,6.49765987790123
2020,11,16,Tubos estructurales,242.579759032387,6.00000000000003
2020,11,3,Caños de PVC,226.084916650877,5.3182141972878
2020,11,5,Chapas galvanizadas,221.747164238193,6.48943609579309
2020,11,7,Hierro fundido,168.382349978221,3.36287992664197
2020,11,6,Conductores de cobre,217.028711470662,5.82211770015322
2020,12,1,Asfalto,205.030673772175,3.08879546833738
2020,12,2,Cales,200.767126153822,7.47092630102337
2020,12,4,Cemento portland,254.653115502324,5
2020,12,8,Hierro redondo y acero para construcción,295.300782427626,2.99999999999998
2020,12,9,Hormigón elaborado,214.542035183281,4.99999999999998
2020,12,10,Ladrillos cerámicos,241.448798660274,1.98692642897755
2020,12,11,Ladrillos comunes,340.455941107554,9.99999999999999
2020,12,12,Mosaicos graníticos y calcáreos,223.695202116454,6.47552136452843
2020,12,13,Pinturas para construcción,178.224050926887,0
2020,12,14,Pisos y revestimientos cerámicos,379.341063087954,20
2020,12,17,Yeso,206.904870828512,4.49999999999997
2020,12,15,Sanitarios de cerámica,297.183079098857,4.00000000000003
2020,12,16,Tubos estructurales,259.887670016043,7.13493617632988
2020,12,3,Caños de PVC,237.179737332986,4.90736880923468
2020,12,5,Chapas galvanizadas,234.256752150411,5.64137447042232
2020,12,7,Hierro fundido,179.976924509898,6.885860978408
2020,12,6,Conductores de cobre,231.401266186221,6.62242088531286
2021,1,1,Asfalto,218.552057161873,6.59481000619573
2021,1,2,Cales,206.790139938437,3.00000000000002
2021,1,4,Cemento portland,259.74617781237,2.00000000000002
2021,1,8,Hierro redondo y acero para construcción,304.159805900455,3
2021,1,9,Hormigón elaborado,214.542035183281,0
2021,1,10,Ladrillos cerámicos,249.478972900411,3.32582903070708
2021,1,11,Ladrillos comunes,354.074178751856,4.00000000000003
2021,1,12,Mosaicos graníticos y calcáreos,233.737195102482,4.48914097889313
2021,1,13,Pinturas para construcción,189.706086798813,6.44247272588139
2021,1,14,Pisos y revestimientos cerámicos,455.209275705545,20
2021,1,17,Yeso,206.904870828512,0
2021,1,15,Sanitarios de cerámica,310.045954978971,4.32826657531025
2021,1,16,Tubos estructurales,271.115307589319,4.32018863095072
2021,1,3,Caños de PVC,252.142863581457,6.30877089954078
2021,1,5,Chapas galvanizadas,258.723830342407,10.4445562261898
2021,1,7,Hierro fundido,187.55290564342,4.20941804298109
2021,1,6,Conductores de cobre,236.006454624685,1.99013104567813
2021,2,1,Asfalto,248.591508736368,13.7447580977222
2021,2,2,Cales,216.093222655242,4.49880382090506
2021,2,4,Cemento portland,267.538563146742,2.99999999999998
2021,2,8,Hierro redondo y acero para construcción,332.142508043297,9.20000000000001
2021,2,9,Hormigón elaborado,222.048415312197,3.49879226348491
2021,2,10,Ladrillos cerámicos,268.812573727523,7.74959131919721
2021,2,11,Ladrillos comunes,368.23714590193,4
2021,2,12,Mosaicos graníticos y calcáreos,247.89577090619,6.05747655930444
2021,2,13,Pinturas para construcción,195.388060152417,2.99514551666986
2021,2,14,Pisos y revestimientos cerámicos,482.521832247878,6.00000000000001
2021,2,17,Yeso,206.904870828512,0
2021,2,15,Sanitarios de cerámica,327.076439835793,5.49289051617417
2021,2,16,Tubos estructurales,295.490658060644,8.99076879430547
2021,2,3,Caños de PVC,273.071343500753,8.30024678153747
2021,2,5,Chapas galvanizadas,292.346480105681,12.9955751346043
2021,2,7,Hierro fundido,192.913960536187,2.85842273377492
2021,2,6,Conductores de cobre,255.837309679809,8.40267487033799
2021,3,1,Asfalto,262.261096303306,5.49881515922346
2021,3,2,Cales,220.415087108347,2
2021,3,4,Cemento portland,275.564720041144,2.99999999999998
2021,3,8,Hierro redondo y acero para construcción,342.106783284596,3
2021,3,9,Hormigón elaborado,233.705297826513,5.24970308746717
2021,3,10,Ladrillos cerámicos,277.763625743274,3.32984870894613
2021,3,11,Ladrillos comunes,368.23714590193,0
2021,3,12,Mosaicos graníticos y calcáreos,253.873452451171,2.41136890844451
2021,3,13,Pinturas para construcción,201.164320129421,2.95630140987002
2021,3,14,Pisos y revestimientos cerámicos,482.521832247878,0
2021,3,17,Yeso,225.526309203078,9.00000000000003
2021,3,15,Sanitarios de cerámica,330.336409279426,0.996699562117764
2021,3,16,Tubos estructurales,308.292113048508,4.33227062807391
2021,3,3,Caños de PVC,291.450894749079,6.73067741664191
2021,3,5,Chapas galvanizadas,305.207485019197,4.39923371366286
2021,3,7,Hierro fundido,198.830101619832,3.06672522154541
2021,3,6,Conductores de cobre,272.389298271986,6.46973211721631
2021,4,1,Asfalto,296.492462439296,13.0523995432405
2021,4,2,Cales,231.425345269221,4.99523798725352
2021,4,4,Cemento portland,286.587308842789,3.99999999999998
2021,4,8,Hierro redondo y acero para construcción,359.212122448826,5
2021,4,9,Hormigón elaborado,243.053509739574,4
2021,4,10,Ladrillos cerámicos,290.722973329057,4.66560283086208
2021,4,11,Ladrillos comunes,394.013746115065,7.00000000000001
2021,4,12,Mosaicos graníticos y calcáreos,266.415881253946,4.94042550793565
2021,4,13,Pinturas para construcción,209.210892934597,3.99999999999998
2021,4,14,Pisos y revestimientos cerámicos,579.026198697453,20
2021,4,17,Yeso,232.292098479171,2.99999999999996
2021,4,15,Sanitarios de cerámica,346.842742556183,4.99682530083863
2021,4,16,Tubos estructurales,324.672750989474,5.3133496601609
2021,4,3,Caños de PVC,311.678416759326,6.94028475282638
2021,4,5,Chapas galvanizadas,322.756013493169,5.74970449131289
2021,4,7,Hierro fundido,204.91885193712,3.06228798742418
2021,4,6,Conductores de cobre,280.560977220145,3
2021,5,1,Asfalto,316.784902295964,6.84416719727663
2021,5,2,Cales,236.053852174606,2
2021,5,4,Cemento portland,292.319055019645,2.00000000000002
2021,5,8,Hierro redondo y acero para construcción,366.396364897802,1.99999999999998
2021,5,9,Hormigón elaborado,243.053509739574,0
2021,5,10,Ladrillos cerámicos,307.06743981545,5.62200719786026
2021,5,11,Ladrillos comunes,401.894021037367,2
2021,5,12,Mosaicos graníticos y calcáreos,271.666832516031,1.97096030363138
2021,5,13,Pinturas para construcción,216.4094303931,3.44080432788603
2021,5,14,Pisos y revestimientos cerámicos,694.831438436944,20
2021,5,17,Yeso,239.260861433546,3.00000000000002
2021,5,15,Sanitarios de cerámica,374.590161960677,8.00000000000001
2021,5,16,Tubos estructurales,344.970272713268,6.25168624774795
2021,5,3,Caños de PVC,327.698612258595,5.13997589754189
2021,5,5,Chapas galvanizadas,340.503770090436,5.49881515922348
2021,5,7,Hierro fundido,213.061364363367,3.97353018000799
2021,5,6,Conductores de cobre,300.570390604466,7.1319303142505
2021,6,1,Asfalto,342.894733663426,8.24213249376033
2021,6,2,Cales,247.856544783336,4.99999999999998
2021,6,4,Cemento portland,306.935007770628,5.00000000000003
2021,6,8,Hierro redondo y acero para construcción,395.708074089626,8.00000000000001
2021,6,9,Hormigón elaborado,252.775650129157,4
2021,6,10,Ladrillos cerámicos,332.337577385217,8.22950736325339
2021,6,11,Ladrillos comunes,417.969781878861,3.99999999999998
2021,6,12,Mosaicos graníticos y calcáreos,287.947497916732,5.99287931099961
2021,6,13,Pinturas para construcción,231.517636626087,6.98130677833395
2021,6,14,Pisos y revestimientos cerámicos,806.004468586855,16
2021,6,17,Yeso,248.831295890888,4
2021,6,15,Sanitarios de cerámica,405.482611979776,8.24699982973423
2021,6,16,Tubos estructurales,372.567894530329,8.00000000000001
2021,6,3,Caños de PVC,347.118706149565,5.92620571601463
2021,6,5,Chapas galvanizadas,371.00850781573,8.95870777500991
2021,6,7,Hierro fundido,221.551280218167,3.98472800555303
2021,6,6,Conductores de cobre,313.572767378945,4.32590074768517
2021,7,1,Asfalto,362.526980517618,5.72544426227948
2021,7,2,Cales,255.905130859468,3.24727599312247
2021,7,4,Cemento portland,316.143058003746,2.99999999999998
2021,7,8,Hierro redondo y acero para construcción,407.579316312315,3
2021,7,9,Hormigón elaborado,260.358919633031,3
2021,7,10,Ladrillos cerámicos,336.75410430692,1.32892794021435
2021,7,11,Ladrillos comunes,426.329177516439,2
2021,7,12,Mosaicos graníticos y calcáreos,298.022182696741,3.49879226348491
2021,7,13,Pinturas para construcción,236.147989358609,1.99999999999998
2021,7,14,Pisos y revestimientos cerámicos,862.424781387935,7.00000000000001
2021,7,17,Yeso,256.296234767614,3
2021,7,15,Sanitarios de cerámica,414.860473810008,2.31276546839951
2021,7,16,Tubos estructurales,398.647647147452,6.99999999999998
2021,7,3,Caños de PVC,365.328896207383,5.246098736601
2021,7,5,Chapas galvanizadas,398.829831826161,7.4988372030135
2021,7,7,Hierro fundido,228.925838106219,3.32860089131022
2021,7,6,Conductores de cobre,315.649468743257,0.662270956011279
2021,8,1,Asfalto,377.870468544414,4.23237134099344
2021,8,2,Cales,275.023614586516,7.4709263010234
2021,8,4,Cemento portland,316.143058003746,0
2021,8,8,Hierro redondo y acero para construcción,407.579316312315,0
2021,8,9,Hormigón elaborado,269.468337370445,3.49879226348491
2021,8,10,Ladrillos cerámicos,355.256883525339,5.49444802061125
2021,8,11,Ladrillos comunes,434.855761066767,1.99999999999998
2021,8,12,Mosaicos graníticos y calcáreos,310.59813848797,4.21980527671875
2021,8,13,Pinturas para construcción,256.217847840691,8.49884792015077
2021,8,14,Pisos y revestimientos cerámicos,948.667259526729,9.99999999999999
2021,8,17,Yeso,263.985121810643,3
2021,8,15,Sanitarios de cerámica,424.455223590325,2.31276546839949
2021,8,16,Tubos estructurales,413.056567683936,3.61445016409554
2021,8,3,Caños de PVC,373.188293036441,2.15132088117018
2021,8,5,Chapas galvanizadas,426.729282738991,6.99532700076206
2021,8,7,Hierro fundido,237.138311619545,3.58739475686256
2021,8,6,Conductores de cobre,317.739923497547,0.662270956011302
2021,9,1,Asfalto,409.484217773029,8.36629264795241
2021,9,2,Cales,281.895850984708,2.4987804805501
2021,9,4,Cemento portland,319.304488583784,1
2021,9,8,Hierro redondo y acero para construcción,423.882488964808,4
2021,9,9,Hormigón elaborado,274.857704117854,1.99999999999998
2021,9,10,Ladrillos cerámicos,363.730886024651,2.38531690511423
2021,9,11,Ladrillos comunes,434.855761066767,0
2021,9,12,Mosaicos graníticos y calcáreos,326.091065837383,4.98809407707161
2021,9,13,Pinturas para construcción,256.217847840691,0
2021,9,14,Pisos y revestimientos cerámicos,986.613949907798,4.00000000000003
2021,9,17,Yeso,263.985121810643,0
2021,9,15,Sanitarios de cerámica,430.082147382848,1.32568136278941
2021,9,16,Tubos estructurales,428.197538442271,3.66559254661705
2021,9,3,Caños de PVC,379.996840549811,1.82442687523052
2021,9,5,Chapas galvanizadas,443.777937743426,3.99519219656264
2021,9,7,Hierro fundido,251.483709209931,6.04937999786437
2021,9,6,Conductores de cobre,321.962458118122,1.32892794021438
2021,10,1,Asfalto,418.65362106015,2.23925682337369
2021,10,2,Cales,292.459303541801,3.74728912121032
2021,10,4,Cemento portland,319.304488583784,0
2021,10,8,Hierro redondo y acero para construcción,440.8377885234,4
2021,10,9,Hormigón elaborado,274.857704117854,0
2021,10,10,Ladrillos cerámicos,384.32706776349,5.66247809306006
2021,10,11,Ladrillos comunes,452.249991509438,4
2021,10,12,Mosaicos graníticos y calcáreos,332.541254811353,1.97803302504056
2021,10,13,Pinturas para construcción,260.663098743262,1.73494974687902
2021,10,14,Pisos y revestimientos cerámicos,1016.21236840503,3
2021,10,17,Yeso,271.904675464962,3
2021,10,15,Sanitarios de cerámica,450.613050993867,4.77371677386618
2021,10,16,Tubos estructurales,439.611495215164,2.66558206159151
2021,10,3,Caños de PVC,400.398583095422,5.36892425634172
2021,10,5,Chapas galvanizadas,457.005097278456,2.9805806936434
2021,10,7,Hierro fundido,260.67847883098,3.65620884547007
2021,10,6,Conductores de cobre,342.250172468654,6.30126706980501
2021,11,1,Asfalto,431.121363751075,2.97805681445045
2021,11,2,Cales,300.493929009661,2.74726273726222
2021,11,4,Cemento portland,330.480145684216,3.49999999999999
2021,11,8,Hierro redondo y acero para construcción,471.696433720038,7.00000000000001
2021,11,9,Hormigón elaborado,288.600589323746,5
2021,11,10,Ladrillos cerámicos,394.571621139634,2.66558206159151
2021,11,11,Ladrillos comunes,465.817491254721,3.00000000000002
2021,11,12,Mosaicos graníticos y calcáreos,340.80205519771,2.48414302491375
2021,11,13,Pinturas para construcción,264.544152416629,1.4889156509222
2021,11,14,Pisos y revestimientos cerámicos,1056.86086314123,4.00000000000003
2021,11,17,Yeso,289.578479370185,6.49999999999997
2021,11,15,Sanitarios de cerámica,468.623129862501,3.9967947730124
2021,11,16,Tubos estructurales,449.86433388745,2.33224990335321
2021,11,3,Caños de PVC,431.698499922684,7.81718970763752
2021,11,5,Chapas galvanizadas,477.56486005655,4.49880382090506
2021,11,7,Hierro fundido,270.233889721644,3.66559254661709
2021,11,6,Conductores de cobre,369.555641446186,7.97821920163764
2021,12,1,Asfalto,445.56840684467,3.35103854930658
2021,12,2,Cales,305.707347670401,1.73494974687902
2021,12,4,Cemento portland,330.480145684216,0
2021,12,8,Hierro redondo y acero para construcción,481.130362394439,2.00000000000002
2021,12,9,Hormigón elaborado,291.486595216984,1
2021,12,10,Ladrillos cerámicos,401.791482910567,1.82979752828636
2021,12,11,Ladrillos comunes,468.146578710995,0.499999999999989
2021,12,12,Mosaicos graníticos y calcáreos,356.001992580257,4.46004862668101
2021,12,13,Pinturas para construcción,276.448639275377,4.49999999999999
2021,12,14,Pisos y revestimientos cerámicos,1107.59018457201,4.79999999999998
2021,12,17,Yeso,304.057403338694,5
2021,12,15,Sanitarios de cerámica,480.327315176593,2.49756884973353
2021,12,16,Tubos estructurales,464.235046077016,3.19445466267221
2021,12,3,Caños de PVC,469.575351288905,8.77391312988221
2021,12,5,Chapas galvanizadas,494.273862433331,3.49879226348488
2021,12,7,Hierro fundido,275.612244644033,1.99025922615741
2021,12,6,Conductores de cobre,381.870197615605,3.332260365781
2022,1,1,Asfalto,463.833372253654,4.09925055915184
2022,1,2,Cales,320.992715053921,5
2022,1,4,Cemento portland,340.394550054743,3
2022,1,8,Hierro redondo y acero para construcción,485.941666018384,1
2022,1,9,Hormigón elaborado,306.060924977833,5.00000000000003
2022,1,10,Ladrillos cerámicos,418.518825460283,4.16318992840372
2022,1,11,Ladrillos comunes,477.509510285215,2
2022,1,12,Mosaicos graníticos y calcáreos,371.904837756454,4.46706633885259
2022,1,13,Pinturas para construcción,293.706351420851,6.24264680437889
2022,1,14,Pisos y revestimientos cerámicos,1126.41921770974,1.69999999999999
2022,1,17,Yeso,328.381995605789,8.00000000000003
2022,1,15,Sanitarios de cerámica,489.933861480125,2
2022,1,16,Tubos estructurales,487.078079028075,4.92057485622679
2022,1,3,Caños de PVC,501.645329098527,6.8295701044774
2022,1,5,Chapas galvanizadas,504.159339681998,2
2022,1,7,Hierro fundido,302.526717366924,9.76533998250058
2022,1,6,Conductores de cobre,395.980140961743,3.69495798159702
2022,2,1,Asfalto,483.363208643424,4.21052851261632
2022,2,2,Cales,330.606913967696,2.99514551666986
2022,2,4,Cemento portland,354.010332056932,4
2022,2,8,Hierro redondo y acero para construcción,510.238749319303,5
2022,2,9,Hormigón elaborado,313.70871562977,2.4987804805501
2022,2,10,Ladrillos cerámicos,428.002347039947,2.26597252088572
2022,2,11,Ladrillos comunes,496.609890696623,4
2022,2,12,Mosaicos graníticos y calcáreos,382.08307783405,2.73678614642325
2022,2,13,Pinturas para construcción,298.079391254908,1.48891565092217
2022,2,14,Pisos y revestimientos cerámicos,1126.41921770974,0
2022,2,17,Yeso,328.381995605789,0
2022,2,15,Sanitarios de cerámica,501.296083000221,2.31913374710813
2022,2,16,Tubos estructurales,501.678560575221,2.99756490299865
2022,2,3,Caños de PVC,512.029785738243,2.07007940418329
2022,2,5,Chapas galvanizadas,516.70798564947,2.48902380255165
2022,2,7,Hierro fundido,319.433519208129,5.58853181244818
2022,2,6,Conductores de cobre,413.135072301635,4.33227062807393
2022,3,1,Asfalto,508.002523311186,5.09747416169986
2022,3,2,Cales,347.137259666081,5.00000000000003
2022,3,4,Cemento portland,364.63064201864,3
2022,3,8,Hierro redondo y acero para construcción,525.545911798882,3
2022,3,9,Hormigón elaborado,335.668325723854,7.00000000000001
2022,3,10,Ladrillos cerámicos,443.67749483672,3.66239762589673
2022,3,11,Ladrillos comunes,499.092940150107,0.500000000000012
2022,3,12,Mosaicos graníticos y calcáreos,408.828893282434,7.00000000000001
2022,3,13,Pinturas para construcción,315.964154730203,6.00000000000003
2022,3,14,Pisos y revestimientos cerámicos,1126.41921770974,0
2022,3,17,Yeso,328.381995605789,0
2022,3,15,Sanitarios de cerámica,526.360887150232,5
2022,3,16,Tubos estructurales,517.563699001093,3.16639770447
2022,3,3,Caños de PVC,530.510859280512,3.60937469987663
2022,3,5,Chapas galvanizadas,532.209225218954,2.99999999999998
2022,3,7,Hierro fundido,341.610088064848,6.94246768832965
2022,3,6,Conductores de cobre,437.910184585355,5.99685525261631
2022,4,1,Asfalto,556.245258751561,9.49655429385012
2022,4,2,Cales,366.1927900704,5.48933595392473
2022,4,4,Cemento portland,390.154786959945,7.00000000000001
2022,4,8,Hierro redondo y acero para construcción,562.334125624804,7.00000000000001
2022,4,9,Hormigón elaborado,355.808425267286,6.00000000000001
2022,4,10,Ladrillos cerámicos,472.513060320711,6.49921752163751
2022,4,11,Ladrillos comunes,499.092940150107,0
2022,4,12,Mosaicos graníticos y calcáreos,441.535204745028,8.00000000000001
2022,4,13,Pinturas para construcción,334.862382829027,5.98113039593418
2022,4,14,Pisos y revestimientos cerámicos,1154.41921770974,2.48575304467287
2022,4,17,Yeso,344.801095386079,5
2022,4,15,Sanitarios de cerámica,555.776732776907,5.58853181244818
2022,4,16,Tubos estructurales,550.337336331495,6.33229057479423
2022,4,3,Caños de PVC,550.748660230095,3.8147760023292
2022,4,5,Chapas galvanizadas,569.457653552849,6.99883176932354
2022,4,7,Hierro fundido,362.074665837105,5.99062454161838
2022,4,6,Conductores de cobre,477.227603089125,8.97842066427355
2022,5,1,Asfalto,599.307116856625,7.74152362245963
2022,5,2,Cales,399.133342988854,8.99541274750972
2022,5,4,Cemento portland,421.367169916741,8.00000000000001
2022,5,8,Hierro redondo y acero para construcción,590.450831906044,5
2022,5,9,Hormigón elaborado,387.831183541341,9.00000000000001
2022,5,10,Ladrillos cerámicos,511.541047962117,8.25966325987195
2022,5,11,Ladrillos comunes,524.047587157612,5
2022,5,12,Mosaicos graníticos y calcáreos,455.881102681058,3.24909492648806
2022,5,13,Pinturas para construcción,344.045636467113,2.74239631233055
2022,5,14,Pisos y revestimientos cerámicos,1160.21179424103,0.501774090592844
2022,5,17,Yeso,368.937172063104,7.00000000000001
2022,5,15,Sanitarios de cerámica,577.954014447812,3.99032207773382
2022,5,16,Tubos estructurales,594.364323238015,8.00000000000003
2022,5,3,Caños de PVC,571.747971034921,3.81286643458254
2022,5,5,Chapas galvanizadas,615.778340832778,8.13417591122614
2022,5,7,Hierro fundido,422.044589285256,16.562860952865
2022,5,6,Conductores de cobre,500.284738747275,4.83147569606177
2022,6,1,Asfalto,697.645579785064,16.4086926656612
2022,6,2,Cales,421.080947758641,5.49881515922348
2022,6,4,Cemento portland,450.862871810913,7.00000000000001
2022,6,8,Hierro redondo y acero para construcción,625.877881820406,6.00000000000001
2022,6,9,Hormigón elaborado,414.979366389235,7.00000000000001
2022,6,10,Ladrillos cerámicos,531.803346246374,3.96103076477983
2022,6,11,Ladrillos comunes,539.76901477234,3
2022,6,12,Mosaicos graníticos y calcáreos,479.777961866716,5.24190606829702
2022,6,13,Pinturas para construcción,357.807461925797,4
2022,6,14,Pisos y revestimientos cerámicos,1224.02344292428,5.49999999999999
2022,6,17,Yeso,394.762774107522,7.00000000000003
2022,6,15,Sanitarios de cerámica,615.700010968148,6.53096882740745
2022,6,16,Tubos estructurales,624.082539399916,5
2022,6,3,Caños de PVC,594.515464256599,3.98208552982984
2022,6,5,Chapas galvanizadas,643.481000358469,4.49880382090506
2022,6,7,Hierro fundido,472.344488499889,11.9181481036916
2022,6,6,Conductores de cobre,528.613252481762,5.66247809306009
2022,7,1,Asfalto,723.236511941563,3.66818523588779
2022,7,2,Cales,448.446267071073,6.49882628461216
2022,7,4,Cemento portland,473.406015401459,5
2022,7,8,Hierro redondo y acero para construcción,675.948112366039,8.00000000000001
2022,7,9,Hormigón elaborado,444.027922036482,7.00000000000001
2022,7,10,Ladrillos cerámicos,584.37447611149,9.88544548209007
2022,7,11,Ladrillos comunes,565.13815846664,4.69999999999997
2022,7,12,Mosaicos graníticos y calcáreos,518.060216139172,7.97916063578836
2022,7,13,Pinturas para construcción,377.482632883006,5.49881515922346
2022,7,14,Pisos y revestimientos cerámicos,1248.50391178277,2.00000000000002
2022,7,17,Yeso,442.134307000424,12
2022,7,15,Sanitarios de cerámica,660.806858129085,7.3261079027771
2022,7,16,Tubos estructurales,667.748874768183,6.9968846444983
2022,7,3,Caños de PVC,629.751033321617,5.92677082152571
2022,7,5,Chapas galvanizadas,700.921851646959,8.92658077806352
2022,7,7,Hierro fundido,561.738490240817,18.9255943315509
2022,7,6,Conductores de cobre,584.913053689193,10.6504710094027
2022,8,1,Asfalto,765.995197874857,5.91213043413772
2022,8,2,Cales,479.837505766048,7.00000000000001
2022,8,4,Cemento portland,492.342256017517,4
2022,8,8,Hierro redondo y acero para construcción,733.403701917152,8.50000000000002
2022,8,9,Hormigón elaborado,459.568899307758,3.49999999999999
2022,8,10,Ladrillos cerámicos,618.433798718388,5.82833850539362
2022,8,11,Ladrillos comunes,595.090480865372,5.29999999999999
2022,8,12,Mosaicos graníticos y calcáreos,546.535228801477,5.49646774162933
2022,8,13,Pinturas para construcción,417.114039148334,10.4988687724902
2022,8,14,Pisos y revestimientos cerámicos,1498.20469413932,20
2022,8,17,Yeso,486.347737700467,10
2022,8,15,Sanitarios de cerámica,700.419049615605,5.99451882183431
2022,8,16,Tubos estructurales,721.106569124879,7.99068278104096
2022,8,3,Caños de PVC,681.59449838857,8.2323747518928
2022,8,5,Chapas galvanizadas,767.437411655766,9.48972554536796
2022,8,7,Hierro fundido,599.709022887689,6.75946784963839
2022,8,6,Conductores de cobre,781.681781658741,33.6406798802794
2022,9,1,Asfalto,825.65605426802,7.78867237793182
2022,9,2,Cales,523.022881284993,9.00000000000003
2022,9,4,Cemento portland,541.576481619269,10
2022,9,8,Hierro redondo y acero para construcción,766.406868503424,4.49999999999999
2022,9,9,Hormigón elaborado,496.334411252379,8.00000000000001
2022,9,10,Ladrillos cerámicos,680.277178590227,10
2022,9,11,Ladrillos comunes,615.91864769566,3.50000000000001
2022,9,12,Mosaicos graníticos y calcáreos,603.172878368282,10.3630372905712
2022,9,13,Pinturas para construcción,462.977794152715,10.9954954040929
2022,9,14,Pisos y revestimientos cerámicos,1498.20469413932,0
2022,9,17,Yeso,510.66512458549,5
2022,9,15,Sanitarios de cerámica,769.238395575216,9.82545320510342
2022,9,16,Tubos estructurales,761.961676072469,5.66561292003909
2022,9,3,Caños de PVC,718.966428699243,5.48301525306143
2022,9,5,Chapas galvanizadas,778.939521573614,1.49876846543511
2022,9,7,Hierro fundido,655.01286972059,9.22178001701623
2022,9,6,Conductores de cobre,889.684612689943,13.816726136564
2022,10,1,Asfalto,856.024154454407,3.67805698624828
2022,10,2,Cales,559.634482974942,7.00000000000001
2022,10,4,Cemento portland,579.486835332617,6.99999999999998
2022,10,8,Hierro redondo y acero para construcción,835.383486668732,9.00000000000001
2022,10,9,Hormigón elaborado,517.180456524979,4.2
2022,10,10,Ladrillos cerámicos,720.504836549592,5.91342165008844
2022,10,11,Ladrillos comunes,615.91864769566,0
2022,10,12,Mosaicos graníticos y calcáreos,639.33479888644,5.99528291391085
2022,10,13,Pinturas para construcción,486.12668386035,5
2022,10,14,Pisos y revestimientos cerámicos,1498.20469413932,0
2022,10,17,Yeso,520.8784270772,2
2022,10,15,Sanitarios de cerámica,825.42486370007,7.30416844089528
2022,10,16,Tubos estructurales,807.679376636817,6.00000000000001
2022,10,3,Caños de PVC,768.013446278639,6.82187868884678
2022,10,5,Chapas galvanizadas,815.825274444561,4.73538084143295
2022,10,7,Hierro fundido,755.32860154468,15.3150779872283
2022,10,6,Conductores de cobre,904.272199052292,1.63963568148535
2022,11,1,Asfalto,927.31353870662,8.32796409788814
2022,11,2,Cales,607.203414027813,8.5
2022,11,4,Cemento portland,637.435518865879,9.99999999999999
2022,11,8,Hierro redondo y acero para construcción,872.975743568825,4.49999999999999
2022,11,9,Hormigón elaborado,553.383088481728,7.00000000000003
2022,11,10,Ladrillos cerámicos,773.339991301216,7.33307426562813
2022,11,11,Ladrillos comunes,615.91864769566,0
2022,11,12,Mosaicos graníticos y calcáreos,667.548736362414,4.41301451526102
2022,11,13,Pinturas para construcción,509.85396736435,4.88088481701516
2022,11,14,Pisos y revestimientos cerámicos,1580.60595231699,5.49999999999999
2022,11,17,Yeso,599.01019113878,15
2022,11,15,Sanitarios de cerámica,893.10665479513,8.19963076853147
2022,11,16,Tubos estructurales,844.005564032468,4.49759996929886
2022,11,3,Caños de PVC,817.697461952004,6.46915961095551
2022,11,5,Chapas galvanizadas,868.767734282969,6.48943609579309
2022,11,7,Hierro fundido,878.209250832385,16.2685020845774
2022,11,6,Conductores de cobre,1067.26109128258,18.0243175009805
2022,12,1,Asfalto,1003.80889925613,8.24913660337565
2022,12,2,Cales,649.679278398849,6.99532700076204
2022,12,4,Cemento portland,682.056005186491,7.00000000000003
2022,12,8,Hierro redondo y acero para construcción,916.624530747267,5
2022,12,9,Hormigón elaborado,614.255228214718,11
2022,12,10,Ladrillos cerámicos,806.31235456958,4.26363095653242
2022,12,11,Ladrillos comunes,646.714580080443,5
2022,12,12,Mosaicos graníticos y calcáreos,727.336292840865,8.95628337254357
2022,12,13,Pinturas para construcción,532.791297129173,4.49880382090504
2022,12,14,Pisos y revestimientos cerámicos,1580.60595231699,0
2022,12,17,Yeso,616.980496872943,3
2022,12,15,Sanitarios de cerámica,939.128514106935,5.15300821740734
2022,12,16,Tubos estructurales,897.423823767728,6.32913596920379
2022,12,3,Caños de PVC,852.99159901816,4.31628306414231
2022,12,5,Chapas galvanizadas,918.719311720114,5.74970449131289
2022,12,7,Hierro fundido,920.653701818498,4.83306808097077
2022,12,6,Conductores de cobre,1206.00503314931,13
2023,1,1,Asfalto,1046.07455917149,4.21052851261632
2023,1,2,Cales,688.629389171915,5.99528291391085
2023,1,4,Cemento portland,722.97936549768,6.00000000000001
2023,1,8,Hierro redondo y acero para construcción,967.038879938366,5.49999999999999
2023,1,9,Hormigón elaborado,614.255228214718,0
2023,1,10,Ladrillos cerámicos,837.115615269796,3.82026401129121
2023,1,11,Ladrillos comunes,646.714580080443,0
2023,1,12,Mosaicos graníticos y calcáreos,784.899503793288,7.91424977950566
2023,1,13,Pinturas para construcción,599.384289337784,12.4988888834019
2023,1,14,Pisos y revestimientos cerámicos,1608.93565299672,1.79233164586048
2023,1,17,Yeso,663.254034138414,7.5
2023,1,15,Sanitarios de cerámica,976.693654671212,4
2023,1,16,Tubos estructurales,936.273796123672,4.32905516067494
2023,1,3,Caños de PVC,929.324260983796,8.94881755617505
2023,1,5,Chapas galvanizadas,960.050691219171,4.49880382090506
2023,1,7,Hierro fundido,1006.54380217084,9.32925161574747
2023,1,6,Conductores de cobre,1266.30528480678,5
2023,2,1,Asfalto,1103.1030995409,5.45167071213146
2023,2,2,Cales,731.940157657598,6.28941621817294
2023,2,4,Cemento portland,751.898540117587,4
2023,2,8,Hierro redondo y acero para construcción,986.379657537134,2
2023,2,9,Hormigón elaborado,651.110541907601,6.00000000000001
2023,2,10,Ladrillos cerámicos,864.687360286868,3.29366033963967
2023,2,11,Ladrillos comunes,669.996304963339,3.6
2023,2,12,Mosaicos graníticos y calcáreos,831.792902245015,5.97444618388712
2023,2,13,Pinturas para construcción,632.343323501894,5.49881515922346
2023,2,14,Pisos y revestimientos cerámicos,1659.63624993284,3.15118860357688
2023,2,17,Yeso,693.100465674643,4.49999999999999
2023,2,15,Sanitarios de cerámica,1034.65568755824,5.93451514810384
2023,2,16,Tubos estructurales,989.319445283795,5.66561292003909
2023,2,3,Caños de PVC,996.772610268316,7.25778418967766
2023,2,5,Chapas galvanizadas,1017.60844627472,5.99528291391085
2023,2,7,Hierro fundido,1039.82170458714,3.30615541465069
2023,2,6,Conductores de cobre,1316.95749619905,4
2023,3,1,Asfalto,1184.37718623162,7.36776886263355
2023,3,2,Cales,775.856567117054,6.00000000000001
2023,3,4,Cemento portland,812.050423326995,8.00000000000003
2023,3,8,Hierro redondo y acero para construcción,1030.7667421263,4.49999999999999
2023,3,9,Hormigón elaborado,683.666069002981,5
2023,3,10,Ladrillos cerámicos,870.413933534349,0.662270956011302
2023,3,11,Ladrillos comunes,683.396231062606,2
2023,3,12,Mosaicos graníticos y calcáreos,881.700476379716,6.00000000000001
2023,3,13,Pinturas para construcción,684.42219374283,8.23585357911676
2023,3,14,Pisos y revestimientos cerámicos,1792.40714992746,8.00000000000001
2023,3,17,Yeso,748.548502928614,8.00000000000001
2023,3,15,Sanitarios de cerámica,1100.14045283691,6.32913596920379
2023,3,16,Tubos estructurales,1047.02714688714,5.83307058993334
2023,3,3,Caños de PVC,1076.65476460758,8.01407999340638
2023,3,5,Chapas galvanizadas,1088.79348467901,6.99532700076204
2023,3,7,Hierro fundido,1148.74386211345,10.4750802032503
2023,3,6,Conductores de cobre,1316.95749619905,0
2023,4,1,Asfalto,1237.54771765337,4.48932418150778
2023,4,2,Cales,839.844575726083,8.24740181639467
2023,4,4,Cemento portland,877.014457193154,7.99999999999999
2023,4,8,Hierro redondo y acero para construcción,1082.30507923262,4.99999999999998
2023,4,9,Hormigón elaborado,755.451006248294,10.5
2023,4,10,Ladrillos cerámicos,903.571089178913,3.80935487899745
2023,4,11,Ladrillos comunes,696.380759452795,1.89999999999999
2023,4,12,Mosaicos graníticos y calcáreos,925.440982049232,4.96092571585258
2023,4,13,Pinturas para construcción,701.524401924629,2.4987804805501
2023,4,14,Pisos y revestimientos cerámicos,1873.0654716742,4.50000000000002
2023,4,17,Yeso,804.68964064826,7.49999999999997
2023,4,15,Sanitarios de cerámica,1151.46863694792,4.66560283086206
2023,4,16,Tubos estructurales,1109.84877570036,6.00000000000001
2023,4,3,Caños de PVC,1144.8316727899,6.33229057479425
2023,4,5,Chapas galvanizadas,1121.45728921938,3
2023,4,7,Hierro fundido,1249.86131121893,8.80243650829595
2023,4,6,Conductores de cobre,1403.83238132322,6.59663545519922
